{ "_id" : { "$oid" : "4e9c446da1c3446efa000000" }, "scrapped_from" : "http://scholar.google.com/scholar?as_q=ultrasound+cortical+bone&num=1&as_epq=&as_oq=&as_eq=&as_occt=any&as_sauthors=&as_publication=&as_ylo=&as_yhi=&btnG=Search+Scholar&hl=en&as_subj=bio", "book_title" : " Progress in biophysics and molecular biology", "title" : "The enhancement of bone regeneration by ultrasound", "abstract" : "... Duarte, 1983). 3. Biophysics of ultrasound induced bone osteogenesis. 3.1. Thermal\neffects of LIPUS. The ... tissue. LIPUS is mainly reflected at tissue borders of soft and\nhard tissue, like connective tissue and cortical bone. This may ... \nCited by 54 - Related articles - All 6 versions", "depth_cb" : 0, "source" : "Elsevier", "href" : "http://www.sciencedirect.com/science/article/pii/S0079610706001027", "times_cited" : 54, "date" : "2007", "id" : "4187978968829718539" }
{ "_id" : { "$oid" : "4e9c446da1c3446efa000001" }, "scrapped_from" : "http://scholar.google.com/scholar?as_sdt=2005&cites=4187978968829718539&hl=en&num=1&sciodt=0%2C5", "book_title" : " Ultrasonics", "title" : "Low intensity pulsed ultrasound for fracture healing: A review of the clinical evidence and the associated biological mechanism of action", "abstract" : "Low intensity pulsed ultrasound is used in the clinical treatment of fractures and other osseous defects. Level I clinical studies demonstrate the ability of a specific ultrasound signal (1.5 MHz ultrasound pulsed at 1kHz, 20% duty cycle, 30mW/cm2 intensity (SATA))  ...Cited by 13 - Related articles - All 4 versions", "depth_cb" : 1, "id" : "7704752711288101649", "source" : "Elsevier", "href" : "http://www.sciencedirect.com/science/article/pii/S0041624X08000280", "times_cited" : 13, "date" : "2008", "cites" : "4187978968829718539" }
{ "_id" : { "$oid" : "4e9c446da1c3446efa000002" }, "scrapped_from" : "http://scholar.google.com/scholar?as_sdt=2005&cites=7704752711288101649&hl=en&num=1&sciodt=0%2C5", "book_title" : "  …", "title" : "Low-intensity pulsed ultrasound accelerates osteoblast differentiation and promotes bone formation in an osteoporosis rat model", "abstract" : "Fax +41 61 306 12 34 E-Mail karger@karger.ch www.karger.com   ... Shuliang Wu a Yumi Kawahara \na, b Tomotaka Manabe a Kazuyuki Ogawa a   ... Masaya Matsumoto a Akira Sasaki a Louis Yuge \na, b   ... LIPUS accelerated osteogenesis. Moreover, since LIPUS pre- vents bone loss, it  ... Cited by 6 - Related articles - All 4 versions", "depth_cb" : 2, "id" : "7171824420578680565", "source" : "content.karger.com", "href" : "http://content.karger.com/produktedb/produkte.asp?typ=pdf&file=000209387", "times_cited" : 6, "date" : "2009", "cites" : "7704752711288101649" }
{ "_id" : { "$oid" : "4e9c446da1c3446efa000003" }, "scrapped_from" : "http://scholar.google.com/scholar?as_sdt=2005&cites=7171824420578680565&hl=en&num=1&sciodt=0%2C5", "title" : "Low intensity pulsed ultrasound enhances fracture healing in both ovariectomy‐induced osteoporotic and age‐matched normal bones", "abstract" : "ABSTRACT: Low intensity pulsed ultrasound (LIPUS) was proven to enhance fracture healing \neffectively. Similar effect of LIPUS on accelerating the osteoporotic fracture healing was therefore \nhypothesized. The normal and osteoporotic fracture healings under this non-invasive  ... Related articles   - Sciences Po bibliotheque - All 2 versions", "depth_cb" : 3, "source" : " Journal of Orthopaedic  …   Wiley Online Library", "href" : "http://onlinelibrary.wiley.com/doi/10.1002/jor.21487/full", "cites" : "7171824420578680565" }
